{
  "view/App.view.xml": 1728667200191,
  "tsconfig.json": 1728678795414,
  "model/models.js": 1726164460422,
  "controller/Main.controller.js": 1728668747671,
  "controller/App.controller.js": 1728677865167,
  "xs-app.json": 1728678812982,
  "model/suggestedQuestions.json": 1728668091870,
  "manifest.json": 1728677865171,
  "Component.js": 1728677865167,
  "controller/Main-dbg.controller.js": 1728668747671,
  "controller/Main.controller.js.map": 1728678841966,
  "model/models-dbg.js": 1726164460422,
  "model/models.js.map": 1728678841949,
  "controller/App-dbg.controller.js": 1728677865167,
  "controller/App.controller.js.map": 1728678841966,
  "Component-dbg.js": 1728677865167,
  "Component.js.map": 1728678841957,
  "Component-preload.js": 1728678842111,
  "Component-preload.js.map": 1728678842111,
  "view/MovieListDialog.fragment.xml": 1728667788693,
  "view/Main.view.xml": 1728667724721,
  "view/Main-old.view.xml": 1728666656698,
  "view/GraphRepresentation.fragment.xml": 1728667788693,
  "view/GetLinePopover.fragment.xml": 1728667788693,
  "view/GetHelpPopover.fragment.xml": 1728667788693,
  "view/Expert.view.xml": 1728668451795,
  "i18n/i18n.properties": 1728668311814,
  "test/flpSandbox.html": 1726164460438,
  "model/standard.ts": 1728668091882,
  "model/movie.ts": 1728668091870,
  "model/graphModel.ts": 1728668091870,
  "model/formatter.ts": 1728668091870,
  "model/expert.ts": 1728668091870,
  "model/cap.ts": 1728668091870,
  "controller/Standard.controller.ts": 1728668768511,
  "controller/Expert.controller.ts": 1728668768511,
  "controller/BaseController.ts": 1728677865171,
  "css/style.css": 1728668252046,
  "index.html": 1728677865171
}