{
  "Component-preload.js.map": 1726178378714,
  "Component.js": 1726166521083,
  "controller/Main.controller.js": 1726178259726,
  "controller/App.controller.js": 1726164460446,
  "xs-app.json": 1726164746666,
  "manifest.json": 1726178146906,
  "model/models.js": 1726164460422,
  "Component-dbg.js": 1726166521083,
  "Component.js.map": 1726178378637,
  "controller/Main-dbg.controller.js": 1726178259726,
  "controller/Main.controller.js.map": 1726178378643,
  "controller/App-dbg.controller.js": 1726164460446,
  "controller/App.controller.js.map": 1726178378634,
  "model/models-dbg.js": 1726164460422,
  "model/models.js.map": 1726178378637,
  "Component-preload.js": 1726178378714,
  "i18n/i18n.properties": 1726164460386,
  "view/Main.view.xml": 1726177371322,
  "view/App.view.xml": 1726166454707,
  "test/flpSandbox.html": 1726164460438,
  "css/style.css": 1726164460454,
  "index.html": 1726164460354
}